{
  "lecturers": {
    "martin.eisemann (at) th-koeln.de": {

      "basic_infos": {
        "profile_img": "images/prof_dr_m_univer_12_1699_.jpg",
        "name": "Prof. Dr.-Ing. Martin Eisemann",
        "room": "3.242",
        "phone_number": "+49 2261-8196-6378",
        "website": "http://lwibs01.gm.fh-koeln.de/blogs/eisemann"
      },

      "custom_infos": {
        "office_hours": {
          "title": "Öffentliche Sprechstunde",
          "content": "Dienstag, 15.00 bis 16.00, Campus Gummersbach, Raum 3.242. Gerne können Sie auch einen Termin per Email ausmachen. In der vorlesungsfreien Zeit werden Termine nur nach vorheriger Anmeldung per Email vergeben."
        },

        "teaching_area": {
          "title": "Lehrgebiete",
          "content": "Computergrafik, Realistische und Interaktive Bildsynthese, Bildbasierte Computergrafik, Theoretische Informatik Grundlagenvorlesungen im Bachelor"
        },

        "research_area": {
          "title": "Forschungsgebiete",
          "content": "Photorealistische Computergrafik, Bildbasierte Verfahren, Visualisierung und Visual Analytics, Bild- und Videoverarbeitung"
        }
      }
    },

    "christian.noss (at) th-koeln.de ": {
      "basic_infos": {
        "profile_img": "images/prof_chris_univer_12_97_.jpg",
        "name": "Prof. Christian Noss",
        "room": "3.241",
        "phone_number": "+49 2261 8196 6412",
        "website": "http://www.christian-noss.de"
      },

      "custom_infos": {
        "bachelor_courses": {
            "title": "Veranstaltungen im Bachelor",
            "content": "Web-basierte Anwendungen 1: WWW Technologien, Grundlagen der visuellen Kommunikation, Einführung in die Medieninformatik"
        },

        "projects": {
            "title": "Projekte",
            "content": "virtuelles Museum // Kölner Sport Auf der Suche nach einer angemessenen und innovativen Vermittlungsform des Themas Sportgeschichte, die gleichermaßen anschaulich, ansprechend und wissenschaftlich fundiert ist, bietet das virtuelle Museum eine neue Möglichkeit. Der Begriff des Museums ist dabei bewusst gewählt, um die Wertigkeit bei der Vermittlung von Geschichte hervorzuheben. Mit dieser außergewöhnlichen Sicht auf den Sport einer Stadt wird eine Präsentationsplattform geschaffen, bei der eine Verbindung zwischen historischen Fakten, visueller Kommunikation und emotionalem Erleben hergestellt wird. Diese Art der Informationsvermittlung bietet neue Erlebnisräume, die Jugendliche und Erwachsene gleichermaßen ansprechen kann. Die dargestellten Inhalte sollen mit dem aktuellen Sportgeschehen im Kölner Breiten- und Leistungssport verknüpft werden. Auf diese Weise wird ein Interaktionsraum geschaffen, der einerseits zur aktiven Teilnahme an der Gestaltung des virtuellen Museums auffordert, andererseits durch die Einbindung des realen Sportangebots sowie spielerischer Elemente zur körperlichen Betätigung animiert.<br/><br/>Das interdisziplinäre Projekt wird über den Zeitraum von April 2008 - März 2010 von der RheinEnergie - Stiftung finanziell gefördert."
        }
      }

    },

    "gerhard.hartmann (at) th-koeln.de": {
      "basic_infos": {
        "profile_img": "images/prof_dr_g_univer_12_143_.jpg",
        "name": "Prof. Dr. Gerhard Hartmann",
        "room": "3.241",
        "phone_number": "+49 2261 8196 6283",
        "website": "http://www.gm.fh-koeln.de/~hartmann"
      },

      "custom_infos": {
        "bachelor_courses": {
            "title": "Veranstaltungen im Bachelor",
            "content": "Mensch-Computer Interaktion, Entwicklungsprojekt interaktive Systeme, human centered design and design thinking, Measuring User Experience"
        },

        "master_courses": {
            "title": "Veranstaltungen im Master",
            "content": "Naturwissenschaftliche Grundlagen digitaler Medien, Interaction Design, Medienrezeption"
        }
      }

    },

    "kristian.fischer (at) th-koeln.de ": {
      "basic_infos": {
        "profile_img": "images/prof_dr_k_univer_12_119_.jpg",
        "name": "Prof. Dr. Kristian Fischer",
        "room": "3.241",
        "phone_number": "+49 2261 8196 6297",
        "website": "http://www.dr-fischer-koeln.com"
      },

      "custom_infos": {
        "bachelor_courses": {
            "title": "Veranstaltungen im Bachelor",
            "content": "Web-basierte Anwendungen 2: Verteilte Systeme, Modellierung in audio-visuellen Medienprojekten (Nur im WS)"
        },

        "master_courses": {
            "title": "Veranstaltungen im Master",
            "content": "Modellierung in audio-visuellen Medienprojekten (Nur im WS), Kooperationssysteme"
        }
      }

    }
  }
}
